<?xml version="1.0" encoding="UTF-8"?>
<project-private xmlns="http://www.netbeans.org/ns/project-private/1">
    <editor-bookmarks xmlns="http://www.netbeans.org/ns/editor-bookmarks/2" lastBookmarkId="0"/>
    <open-files xmlns="http://www.netbeans.org/ns/projectui-open-files/2">
        <group>
            <file>file:/D:/PROGRAMMING/JAVA/EXYPNOS/Exypnos/Exypnos/src/Exypnos/Driver_login.java</file>
            <file>file:/D:/PROGRAMMING/JAVA/EXYPNOS/Exypnos/Exypnos/src/Exypnos/Aplikasi.java</file>
            <file>file:/D:/PROGRAMMING/JAVA/EXYPNOS/Exypnos/Exypnos/src/Exypnos/Controller.java</file>
            <file>file:/D:/PROGRAMMING/JAVA/EXYPNOS/Exypnos/Exypnos/src/Exypnos/GUI_Admin.java</file>
            <file>file:/D:/PROGRAMMING/JAVA/EXYPNOS/Exypnos/Exypnos/src/Exypnos/ControllerAdmin.java</file>
            <file>file:/D:/PROGRAMMING/JAVA/EXYPNOS/Exypnos/Exypnos/src/Exypnos/GUI_Login.java</file>
        </group>
    </open-files>
</project-private>
